,preprocess_time,estimation_time,refinement_time
0,21.25907,22.275925,22.275925
1,20.396948,21.512985,21.512985
2,21.654129,18.031836,18.031836
3,22.397995,19.335985,19.335985
4,23.032904,21.845102,21.845102
5,23.738146,14.7640705,14.7640705
6,21.75498,24.028778,24.028778
7,22.66097,21.210909,21.210909
8,21.7278,21.946907,21.946907
9,20.857096,19.201994,19.201994
10,23.42391,33.29396,33.29396
11,,,
12,,,
13,,,
14,,,
15,,,
16,,,
17,,,
18,,,
19,,,
